Name,Languages,"Translated (Words)","Target Words","Approved (Words)",Voted,"""+"" votes received","""-"" votes received","Winning (Words)",Joined
"Alinson Xavier (iSoron)","Portuguese, Brazilian; Japanese; Spanish; Portuguese; Italian; Chinese Simplified; French; Hungarian; German; Arabic; Hindi; Slovenian; Catalan; Greek; Korean; Bulgarian; Chinese Traditional; Polish; Russian; Serbian (Cyrillic); Turkish; Ukrainian; Czech; Indonesian; Croatian; Danish; Dutch; Romanian; Swedish; Basque; Persian; Finnish; Vietnamese; Telugu; Tamil; Afrikaans; Esperanto; Hebrew",14808,17227,1282,0,1779,80,4274,"2016-03-05 18:35:27"
"Slobodan Simić (Слободан Симић) (slsimic)","Serbian (Latin); Serbian (Cyrillic)",2054,1831,2114,12,33,0,1991,"2021-02-03 14:26:07"
"Oglaigh Rystard (oglaignaheireann)","Ukrainian; Portuguese; Catalan; Greek; Basque; Romanian; Italian",1103,1037,1327,1,13,6,954,"2017-03-31 09:13:19"
"David (Cliff122)",Swedish,1040,1019,725,6,0,0,700,"2020-01-21 13:56:55"
"Omer I.S. (omeritzics)",Hebrew,1000,900,1097,14,1,0,946,"2020-10-11 20:10:51"
dukelc,Slovak,919,880,0,0,0,0,0,"2020-08-27 14:02:41"
"Intan Ayunda (Intan_Ayunda)",Indonesian,800,793,962,0,0,0,711,"2020-10-14 07:51:58"
KMakoto,"Chinese Traditional",745,1146,949,0,0,0,745,"2019-10-22 04:19:52"
"Evren (evrenkiymaz)",Turkish,688,604,0,71,5,1,0,"2020-10-04 03:39:16"
"David Nos (david.nos)","Catalan; Spanish",667,731,0,0,1,0,0,"2020-01-04 10:15:36"
"Antti Kallio (antti.kallio)",Finnish,650,525,0,0,0,0,0,"2021-07-03 05:54:44"
androide74,Italian,644,659,0,2,0,0,0,"2020-02-06 15:46:28"
Tomairuka,Japanese,633,1636,909,43,0,0,564,"2020-12-12 12:14:22"
"Dmitriy Bogdanov (di72nn)",Russian,625,572,1197,0,36,0,515,"2017-03-31 10:00:48"
reyhoon,Persian,624,759,0,1,3,1,0,"2020-10-01 18:17:23"
Osoitz,Basque,610,545,0,9,0,0,3,"2018-01-23 14:07:47"
"Saeed Esmaili (saaeed.es20)",Persian,568,774,0,5,4,0,0,"2020-11-26 15:41:15"
fabian.bouchal,German,548,527,0,6,0,3,72,"2020-01-07 06:43:37"
boban77,Czech,509,461,0,2,0,0,0,"2020-04-30 13:18:24"
"Yoav Argov (YoavArgov)",Hebrew,501,461,0,0,1,8,103,"2017-04-28 07:23:01"
REMOVED_USER,Norwegian,501,498,501,0,148,0,501,"2017-07-05 19:02:25"
"Martim Parente (Sharlimar)",Portuguese,497,534,0,38,0,0,0,"2020-08-26 10:22:11"
"chrrris1987 (Chrrris1987)",Dutch,467,478,0,23,0,0,0,"2020-02-03 05:26:04"
"Huy Ngo (huyngo)",Vietnamese,461,695,0,1,0,0,0,"2020-01-26 11:58:36"
"黄克 (hk13127)","Chinese Simplified",461,765,0,1,0,0,24,"2020-01-17 23:16:03"
"Arkadiusz Bubak (epitek)",Polish,458,416,29,24,0,3,0,"2020-11-05 05:11:58"
marco.baturan,Esperanto,452,452,0,0,0,0,0,"2020-06-23 02:49:46"
"Sief Tarek (sieftarek135)",Arabic,447,455,0,0,0,0,0,"2021-02-07 14:35:21"
"Samuel Guay (SamGuay)",French,426,486,0,6,0,0,0,"2020-06-25 07:14:38"
"Diana Karaseva (Sun_Dianka)",Russian,399,373,0,10,1,0,209,"2020-01-30 06:40:02"
"Alexander Jansson (dalecarlian)",Swedish,396,406,507,0,0,3,399,"2017-06-21 01:37:32"
luiandresgonzalez,Spanish,383,403,0,1,28,0,0,"2020-07-11 14:20:44"
"Thamara Andrade (tkcandrade)","Portuguese, Brazilian",380,387,0,0,1,0,252,"2020-01-09 19:35:48"
"Sølv Ræven (soelvraeven)",Danish,370,370,0,0,0,0,0,"2020-11-28 16:46:18"
"Isti (eisti)",Hungarian,367,329,0,0,0,0,0,"2020-12-03 12:02:51"
"Anh Quân (dangquanuet)",Vietnamese,362,530,0,42,2,0,0,"2017-10-29 12:27:44"
gapszi,Hungarian,348,301,0,86,0,0,0,"2019-04-08 01:35:54"
JY3,"Chinese Simplified",345,585,278,0,1,0,207,"2021-03-08 08:53:35"
"Mahdi Nasiri (mahdi.nasiri)",Persian,343,465,0,39,3,1,0,"2017-07-14 09:17:25"
Seoyul,Korean,339,825,0,0,27,0,0,"2017-06-21 08:11:39"
"Magimai Prakasam (magimai)",Tamil,336,831,0,12,0,0,0,"2018-04-15 21:16:08"
"Michael Malak (MichaelKMalak)",Arabic,304,271,0,0,0,0,0,"2020-05-26 19:47:58"
"Elina Salminen (salminen.elina.m)",Finnish,297,227,0,0,0,0,0,"2021-01-06 01:28:57"
ayane.m,Japanese,292,863,0,1,3,0,22,"2019-11-20 03:28:26"
Blinkin,Dutch,284,318,0,1,0,0,0,"2021-06-14 10:30:05"
"Marius Teufelweich (teufelweich)",German,249,256,606,4,2,0,146,"2021-03-12 04:11:38"
cobalt59,German,237,234,0,1,24,1,132,"2017-06-05 05:18:33"
"QWERT (lurenjia01)","Chinese Simplified",236,407,0,0,8,0,19,"2020-03-08 01:46:25"
beriain,Basque,234,235,0,0,2,0,0,"2017-03-31 15:42:28"
pnhpnh,Vietnamese,225,343,0,1,3,0,0,"2017-11-27 12:06:07"
"Dika Fitrian Dwi Putra (OsamuDazai)",Indonesian,221,215,0,0,0,0,48,"2020-07-13 04:40:27"
easyrepro,Telugu,214,297,0,0,0,0,0,"2020-06-12 12:52:10"
taras-ko,Ukrainian,211,183,0,1,4,0,19,"2017-10-26 16:52:22"
sojusnik,German,207,200,1,0,30,0,66,"2017-04-03 17:11:56"
axmed99,Ukrainian,203,177,0,40,0,0,53,"2021-04-01 03:56:20"
"Heru Yen (heruyen)",Indonesian,201,201,0,0,0,0,25,"2020-06-29 18:39:15"
"Vijaykumar Borkar (vjkumar)",Hindi,200,364,0,11,0,0,0,"2021-08-06 16:12:15"
Ishmaeel,Turkish,193,174,0,129,6,0,0,"2017-10-04 03:54:00"
"Aputsiak Niels Janussen (aputtu)",Danish,187,200,0,0,0,0,0,"2019-08-28 05:47:42"
_translator,French,181,206,0,11,0,0,0,"2021-07-06 07:54:12"
fbruna17,Danish,181,179,0,1,0,0,0,"2021-01-28 15:48:47"
"Omry Cohen (omrycohen)",Hebrew,175,156,0,1,0,0,33,"2021-01-18 07:33:23"
Bryanx,Dutch,174,165,0,5,0,0,0,"2019-11-21 17:08:12"
"Pierre GALIEGUE (pierre.galiegue)",French,171,194,0,24,4,0,0,"2020-08-16 11:41:35"
bruhwut,Vietnamese,171,268,0,1,0,0,0,"2021-05-21 07:16:30"
DionysosDV,Greek,165,153,0,0,0,0,0,"2021-02-27 19:05:25"
"Gustavo Lima (GustavoLima)",Portuguese,158,177,0,1,4,10,0,"2020-08-26 10:35:05"
oscfd,Spanish,155,166,0,1,4,0,0,"2021-05-21 17:58:22"
plitwin,Polish,145,128,0,1,16,0,26,"2021-01-20 06:18:37"
"Lương Vĩnh Khang (LuongVinhKhang)",Vietnamese,144,256,0,0,46,1,0,"2017-08-10 10:05:58"
azzamsa,Indonesian,142,136,0,48,0,1,26,"2017-06-16 18:29:45"
"yoding (yodingc)","Chinese Traditional; Chinese Simplified",141,271,0,10,0,0,0,"2021-07-07 01:45:45"
"Neysa Nasywa (neysanasywa)",Indonesian,140,141,0,0,0,0,60,"2020-11-18 10:32:10"
"Mohammed Imthath (mimthath4)",Tamil,136,274,0,0,11,0,0,"2018-02-15 22:41:15"
roptat,French,132,154,0,112,89,5,0,"2017-04-19 16:54:47"
"Trần Thái (tranhoangthai2001)",Vietnamese,127,186,0,8,1,0,0,"2018-03-01 10:51:39"
"OP Smosher (teenwolffan44)","Serbian (Cyrillic)",124,122,0,0,0,0,18,"2020-11-05 09:41:35"
4001982248998,Esperanto,122,119,0,0,0,0,0,"2017-10-08 04:13:02"
"StoP4Me (Lcqp)",Romanian,121,119,0,0,3,0,0,"2018-05-06 18:51:59"
alalloush,Arabic,118,129,0,2,2,0,0,"2017-03-31 12:37:17"
"Eilif Adelvice (adelvice)",Spanish,116,126,0,96,0,0,0,"2021-08-05 07:20:21"
Sebastian05067,Spanish,114,133,0,55,28,0,0,"2017-05-14 00:48:16"
"Tanya (MagicUnderHood)",Russian,114,98,0,19,0,0,54,"2019-04-21 10:44:03"
REMOVED_USER,Arabic,111,106,0,22,21,2,0,"2018-01-05 07:01:45"
mohmans,Arabic,109,103,0,2,0,0,0,"2020-11-23 02:48:00"
"Iabin Arteaga (iabin)",Spanish,108,111,0,4,21,0,0,"2017-08-26 21:08:54"
"Ivan Krušlin (krux3r)",Croatian,108,122,503,0,0,0,108,"2017-03-31 09:15:24"
2kaafone,Finnish,105,90,0,0,0,0,0,"2019-08-12 06:58:48"
"Adam Jurkiewicz (hasztagg)",Polish,104,105,529,0,0,0,104,"2017-03-31 09:50:51"
"just a name bro (justanamebr0)",Danish,98,109,0,0,1,0,0,"2019-06-19 11:57:55"
"Nam Nguyen (namnl2706)",Vietnamese,95,137,0,0,0,0,0,"2020-08-18 23:02:33"
"손유정 (yuwon1213)",Korean,95,57,0,0,0,0,0,"2021-03-30 05:25:33"
ranmagen,Hebrew,91,78,0,0,0,0,0,"2021-02-16 05:44:31"
LoneWanderer,"Chinese Traditional",90,137,0,4,0,0,0,"2020-09-29 05:24:48"
"Vo - (voyl)","Chinese Traditional",89,126,0,0,5,0,0,"2020-09-02 23:34:42"
ikkaz,Indonesian,89,84,0,5,0,0,4,"2019-09-02 19:58:54"
"Irene K (Heaun)",Korean,88,75,0,25,0,0,0,"2020-03-16 11:31:12"
Prosta4ok_ua,Ukrainian,87,84,0,1,0,0,17,"2020-01-23 19:43:41"
"Kumar Anand (kumar0500)",Hindi,87,125,0,0,0,0,0,"2020-11-07 02:46:09"
"Ohad Edri (ohadalte)",Hebrew,85,79,0,0,1,3,18,"2020-07-04 03:42:09"
helectron,Persian,84,102,0,1,0,0,0,"2021-03-02 04:10:51"
"Radu Cebotari (wildProgrammer)",Romanian,84,92,0,1,0,0,0,"2020-02-05 01:20:00"
"Sofia Neves (sofiasonev)","Portuguese, Brazilian",79,84,0,1,0,0,46,"2020-03-12 18:19:46"
"Jacob Roller (jdr28070)",Korean,79,61,0,0,0,0,0,"2020-01-03 11:36:40"
Tiralka,French,79,91,0,92,1,0,0,"2018-02-09 18:39:01"
"Israa Z (sosozozo)",Arabic,79,87,0,43,12,0,3,"2017-11-27 14:10:50"
"Toni Mustonen (toni.mustonen)",Finnish,78,72,0,0,0,0,0,"2017-09-02 05:34:12"
"Fauz Aladeem (topfauz)",Arabic,76,77,0,0,0,1,0,"2020-02-21 22:46:12"
"Michael (quelbs)",German,76,75,0,1,0,0,39,"2020-08-18 07:39:26"
"Oliver Gronowski (OliverGronowski)",German,70,69,0,5,0,0,0,"2021-05-14 16:37:10"
RealDonald,Dutch,67,69,0,121,10,0,0,"2017-06-23 20:10:12"
sirekanyan,"Armenian; Russian",66,65,0,0,0,0,0,"2020-04-18 11:32:52"
"Константин К. (kocyak1991)",Russian,64,60,0,0,1,2,0,"2018-06-10 13:39:37"
"Laura Sophie (laurasophie20)",German,62,67,0,4,0,0,0,"2018-01-06 14:21:24"
"Alparslan Sakci (sakci)",Turkish,61,55,0,11,0,0,0,"2021-06-10 11:59:22"
raden20,Indonesian,61,62,177,0,1,0,64,"2017-04-09 22:04:23"
"Jan Wojtecki (j4nw)",Polish,58,46,0,0,0,0,26,"2017-11-02 05:42:14"
"Deepak Bharathi (deepakbharathi1994)",Tamil,56,107,0,0,11,4,0,"2017-09-17 08:00:31"
"Peter Williams (williamspete001)",Japanese,55,147,0,2,0,0,3,"2020-01-01 13:17:44"
"Андрій Козицький (andriikozytskyi1108)",Ukrainian,52,52,0,0,1,0,0,"2018-10-22 01:45:08"
"Nil riera (nilriera2000)",Catalan,52,61,0,1,0,0,0,"2021-06-22 16:37:44"
REMOVED_USER,Italian,51,52,0,2,0,0,0,"2017-08-21 05:15:31"
govindap,"Japanese; Hindi",51,114,0,6,1,0,0,"2020-06-02 20:15:52"
"Mare Geldenhuys (mare.geldenhuys)",Afrikaans,50,57,0,0,0,0,0,"2017-10-20 18:00:14"
"Behnood HRazy (behnoodhr)",Persian,49,70,0,0,0,0,0,"2017-11-25 10:57:21"
"tat bz (Tat_i)",German,48,56,0,55,0,0,27,"2021-03-26 05:12:54"
J3ll3nl,Dutch,48,48,0,0,17,1,3,"2017-03-31 11:56:09"
"Andrew Firnes (Anechan)",Russian,47,47,0,3,0,0,29,"2019-09-18 09:51:59"
andowero,Czech,47,38,0,0,0,0,0,"2020-01-20 02:29:01"
vach,Armenian,47,36,0,0,0,0,0,"2020-04-18 16:53:12"
"Rahul Shishodia (rahul.shishodia.10)",Hindi,46,85,0,6,5,1,0,"2018-12-24 22:18:19"
"Coni Ragni (coni2ragnii)",Spanish,46,46,0,0,0,0,0,"2021-02-28 20:18:37"
Cp0204,"Chinese Simplified",45,72,0,0,0,0,0,"2019-08-20 11:04:27"
"cc (cavaz)",Italian,44,41,0,0,0,0,0,"2017-04-01 04:21:08"
"Boban Jagertraum (boban40)",Czech,43,38,0,2,1,1,0,"2017-03-31 09:39:16"
"Kamil Dziadek (prso94)",Polish,43,39,0,0,2,0,0,"2020-04-06 17:12:06"
"Me Me (gentelwom)",Arabic,42,40,0,0,0,0,0,"2020-11-08 20:44:01"
"Ali Elsheikh (aelsheikh1987)",Arabic,42,41,0,0,0,0,0,"2021-06-16 10:17:26"
"Balázs Keresztury (belidzs)",Hungarian,42,41,501,0,7,0,38,"2017-04-06 02:40:24"
andreea.muscalagiu,Romanian,42,52,0,1,0,0,0,"2017-10-22 07:19:49"
"Mateusz Duda (MateuszDuda)",Polish,42,42,0,0,0,0,0,"2021-08-17 11:27:11"
MStefanov,Bulgarian,41,55,2,0,2,0,2,"2017-03-31 16:09:02"
"Sofia Veijonen (Suklaa) (sofia.veijonen)",Finnish,40,33,0,0,0,0,0,"2018-03-07 09:24:22"
"Ali Zali (stm19951995)",Persian,40,60,0,0,0,0,0,"2020-03-23 19:57:26"
"Limin Lu (liminlu)","Chinese Simplified",39,79,503,0,0,0,39,"2017-03-31 09:49:35"
dusanstrgar,Slovenian,39,41,0,0,0,0,0,"2017-03-31 10:30:28"
Anshoe,Tamil,38,65,0,14,0,0,0,"2018-01-02 11:06:52"
anasshm,Arabic,37,36,0,9,0,0,0,"2019-01-27 04:07:22"
hrexen,Armenian,37,37,0,0,0,0,0,"2020-12-09 02:30:34"
"Abdulrahman (D7M)",Arabic,36,39,0,0,0,0,0,"2020-01-29 18:55:30"
"Maria Chushnyakova (maria.ch)",Russian,36,31,0,3,0,0,0,"2021-08-17 03:23:58"
REMOVED_USER,Swedish,36,33,0,5,1,0,0,"2018-09-29 17:47:33"
"長谷川知里 (chase0213)",Japanese,34,138,0,13,0,0,24,"2018-12-14 10:52:44"
"Luis E. Perichon (luisperichon)",Spanish,33,40,0,104,0,0,0,"2017-09-04 13:46:06"
"Piotr Łuczyński (peterluczynski)",Polish,33,30,0,6,5,0,2,"2020-01-29 07:27:40"
"milad farahani (miladfarmahini90)",Persian,33,44,0,18,1,0,3,"2017-08-31 16:09:00"
andriikozytskyi2625,Ukrainian,31,23,0,0,0,0,0,"2019-07-08 00:16:41"
Moastafa,Arabic,31,25,0,0,0,0,0,"2020-07-06 11:37:53"
"hamza gamal (hamzagamal4444)",Arabic,31,28,0,0,0,0,0,"2020-08-03 15:23:34"
REMOVED_USER,Russian,31,30,0,2,4,0,3,"2018-12-03 23:55:47"
JoeLi,"Chinese Traditional",31,70,0,12,0,0,24,"2017-06-25 05:32:48"
yancyn,"Chinese Simplified",30,40,0,0,0,0,1,"2020-05-18 20:06:03"
"비니몬youtube (khj01025276475)",Korean,29,25,0,0,0,0,0,"2020-02-09 20:44:35"
"Ruud Schouten (ruudschouten)",Dutch,29,32,0,41,3,0,0,"2017-07-22 17:49:17"
"Aaron Dalton (Perlkonig)",French,26,25,0,141,1,0,0,"2018-01-14 12:58:19"
"Niraj Yadav (neverforgetniraj)",Hindi,26,48,0,0,0,0,0,"2017-04-11 02:26:50"
"Guillaume Collic (gcollic)",French,26,28,0,126,11,0,0,"2017-05-05 16:13:00"
"Radoslaw Biernacki (radoslaw.biernacki)",Polish,26,24,0,8,0,0,1,"2020-12-15 17:55:31"
"Jonny I (jonny99dj)",Italian,26,26,0,5,0,0,0,"2017-10-07 07:35:34"
"Eddie (eddieattaboy)","Chinese Traditional",25,34,0,1,0,0,0,"2020-11-04 21:48:05"
Pan_Filuta,Czech,25,21,0,5,4,0,3,"2017-04-29 12:55:14"
"eduard83 (barbany.eduard)",Catalan,24,25,0,2,0,0,0,"2019-06-26 14:59:47"
"Ľuboš Čaky (lubos.caky)",Slovak,23,22,0,0,0,0,0,"2019-07-02 16:51:44"
"Caner Başaran (basarancaner)",Turkish,23,21,0,0,21,0,0,"2017-04-09 06:34:59"
hodanli,Turkish,22,26,0,0,1,0,0,"2017-11-03 14:33:41"
gnu-ewm,Polish,22,23,0,6,0,0,0,"2021-02-24 03:42:01"
"Neeraj Verma (verma.neeraj.in)",Hindi,22,37,0,0,1,0,0,"2018-07-23 07:16:41"
"Alcarkse (alexis.brusle)",French,21,25,0,7,11,0,0,"2017-08-06 09:32:29"
olbotta,Italian,20,25,0,2,0,0,0,"2021-06-06 04:22:55"
"Shashwat (goforgold)",Hindi,20,33,0,0,0,0,0,"2020-05-17 10:34:42"
"Magdalena Urbańczyk (madziia139)",Polish,19,19,0,0,0,0,0,"2017-10-21 03:01:04"
sheeCesu,French,19,18,0,48,4,0,0,"2017-12-21 17:01:39"
can13,Turkish,19,14,0,8,0,0,0,"2021-01-03 10:39:03"
"İsa Eş (IsaEs)",Turkish,19,17,0,0,6,1,0,"2017-06-20 07:30:22"
"사자솥 (toke1597)",Korean,19,19,0,0,0,0,0,"2020-02-04 13:36:11"
axikman11111,Uyghur,18,19,0,0,0,0,0,"2018-10-13 12:25:31"
"Hoon Jung (hooni100)",Korean,17,10,0,0,0,0,0,"2021-01-03 02:26:54"
"Ceara Lopez (cealopez)",Spanish,17,18,0,0,5,1,0,"2017-08-22 22:56:13"
takoyakibento,Korean,17,13,0,3,0,0,0,"2020-08-01 08:44:15"
Adeline31,French,17,20,0,3,0,0,0,"2019-12-06 00:00:11"
engineeringforgood,Russian,16,15,0,0,0,0,16,"2021-01-22 03:32:35"
bretzel15,German,16,20,0,0,0,0,0,"2020-04-06 02:49:14"
"Şamil Ateşoğlu (m.samilatesoglu)",Turkish,16,22,0,11,6,3,0,"2017-07-05 18:37:08"
DebatablySane,Bulgarian,16,15,0,48,0,0,0,"2017-07-10 15:13:18"
"Bhava Tharini (bhavidanush)",Tamil,15,37,0,0,0,0,0,"2019-10-09 05:43:11"
"Zeynep Esen (nezihaesen50)",Turkish,14,13,0,0,0,0,0,"2020-01-28 07:05:15"
"Fikret Bilici (fikretbilici)",Turkish,14,13,0,0,0,0,0,"2020-06-21 17:16:11"
"EuiHo Hwang (euiho.hwang)",Korean,14,16,0,0,0,0,0,"2020-06-23 02:40:01"
"Zeeshan Rabbani (Zeera)",Hindi,14,25,0,0,0,0,0,"2020-09-15 11:32:01"
"Faiz Ahamed (faiznewton)",Tamil,14,31,0,0,0,0,0,"2021-05-06 23:06:46"
"Anastasia Borchuk (al2.borchuk)",Russian,14,14,0,0,0,0,0,"2020-04-14 13:22:49"
iamsurajbobade,Hindi,14,30,0,0,0,0,0,"2018-05-21 11:23:27"
"Sanji Vinsmock (mukanzhanbolat4)",Russian,14,14,0,0,0,0,0,"2020-02-18 12:38:54"
"Maro Chr (caprisunglasses)",Greek,14,17,0,0,0,0,0,"2021-08-17 06:53:33"
"Nenad Vukotic (vukotic.nenad)","Serbian (Cyrillic)",13,13,0,1,2,6,0,"2019-01-31 14:29:15"
"Uwe Mönks (schirinowski)",German,13,12,0,0,0,0,0,"2021-02-18 04:00:41"
"Dave (xdave)",Hungarian,13,11,0,0,0,0,0,"2020-03-02 20:56:50"
soura2,Arabic,12,13,0,0,0,0,0,"2020-01-13 19:23:47"
"shreyas (techiespace)",Hindi,12,20,0,0,0,0,0,"2018-06-10 01:14:26"
"Sonu Sharma (riteetude)",Hindi,11,23,0,0,0,0,0,"2021-05-30 19:38:00"
Vmrc,French,11,12,0,2,0,0,0,"2020-11-02 05:35:06"
"Jo Chuang (josephch405)","Chinese Traditional",11,24,0,0,0,0,11,"2017-06-16 20:21:06"
"sathvic k (sathvictripleseven)",Telugu,10,17,0,0,0,0,0,"2020-09-11 08:11:32"
"Brian Camacho (bmcamacho)",Polish,10,11,0,0,1,0,0,"2020-08-03 02:27:28"
"Anonymous edgy nerd (yamentaad)",Arabic,10,13,0,1,0,0,0,"2018-05-06 09:23:57"
"Edwin van Rooij (edwinvrooij)",Dutch,10,13,0,17,0,0,0,"2018-11-05 03:59:10"
"Mihael Wagner (miha.wagner)",Slovenian,10,9,0,7,0,0,0,"2017-10-18 18:26:29"
"Ahmed Mosaad (ahmed.mosaad2018)",Arabic,10,12,0,6,0,0,0,"2021-02-03 18:45:43"
"Suhaili Hassan (kucingsyg96)",Indonesian,9,10,0,0,0,0,0,"2018-06-10 11:55:09"
"Martin Vostatek (martinvostatek)",Czech,9,8,0,32,2,0,0,"2019-01-21 13:52:36"
"Seweryn Piotrowski (Draxxsx)",Polish,9,10,0,0,19,0,0,"2020-01-02 09:55:48"
"Sourire Lucide (sourire_lucide)",Russian,9,10,0,0,1,0,0,"2018-03-22 01:37:55"
Rex123,Persian,8,8,0,0,0,0,0,"2017-07-01 00:47:42"
"Andrey ZaXeLoN (waragaa)",Russian,7,7,0,8,1,0,0,"2017-09-18 21:37:42"
"Konstantin (KZhidovinov)",Russian,7,7,0,0,0,0,0,"2020-01-29 13:35:12"
"Андрій Козицький (andriikozytskyi3807)",Ukrainian,7,12,0,2,0,0,0,"2020-09-26 20:31:56"
ftfoi,Norwegian,7,6,0,0,0,0,0,"2020-04-11 20:42:35"
"Vladimir Pavlychev (KeyJoo)",Russian,7,9,0,0,0,0,0,"2017-12-18 02:46:56"
pkorove,Greek,7,7,0,0,0,0,0,"2020-03-07 11:36:12"
erfan2927,Persian,6,6,0,0,0,0,0,"2018-04-09 02:12:44"
"Burak Ceylan (7burakceylan)",Turkish,6,6,0,0,0,0,0,"2018-05-20 17:24:19"
"Sam (SorodonSorodon)",German,6,6,0,13,0,0,0,"2017-04-14 11:09:27"
"닉닉 (seohu9466)",Korean,6,14,0,13,0,0,0,"2017-10-09 23:08:15"
"Sarita Cajas (sarayanacajas)",Spanish,6,4,0,0,1,0,0,"2021-05-14 14:27:59"
ChloeLiang,Japanese,6,22,0,0,1,0,3,"2017-08-08 05:02:59"
"Manuel Tassi (Mannivu)",Italian,5,6,0,0,0,0,0,"2021-01-03 11:00:33"
"Tomáš Hrabáček (Hrabyyy)",Czech,5,3,0,0,0,0,0,"2021-05-27 11:58:11"
"Guerra Ivaneth (rossanaiva-04)",Spanish,5,7,0,0,0,0,0,"2019-02-03 16:48:59"
"Дмитрий Хапенков (d.khapenkov)",Russian,5,5,0,6,4,0,2,"2018-01-06 23:00:43"
"Matthias Joly (joly.matt12)",French,5,8,0,27,1,0,0,"2017-08-28 09:53:59"
"Micaela Pighin (micaelapiighin)",Spanish,5,6,0,1,0,0,0,"2019-10-09 23:32:42"
andriikozytskyi2018,Ukrainian,5,5,0,0,0,0,0,"2017-09-03 05:24:43"
marmo,German,4,4,0,0,0,0,0,"2021-01-13 01:16:35"
"Eli Besirov (elibesirov07)",Turkish,4,4,0,0,0,0,0,"2019-03-25 07:12:34"
"Lopo Isaac Fernández (rocapata)",Spanish,4,3,0,0,0,0,0,"2018-09-20 11:46:22"
bziuum,Polish,4,4,0,0,0,0,0,"2020-09-01 09:08:01"
"Neko123 (emandic11)","Serbian (Cyrillic)",4,4,0,57,0,0,0,"2021-04-21 15:33:29"
Magidxz,Arabic,3,3,0,0,0,0,0,"2021-01-05 05:02:54"
"mohammadali barati (mabaraty)",Persian,3,3,0,0,0,0,0,"2021-07-10 05:54:44"
"Sarath S (CyberShark)",Tamil,3,7,0,0,0,0,0,"2020-08-27 22:43:16"
"Unnie Here (Carb)",Hindi,3,8,0,0,0,0,0,"2020-03-18 23:34:35"
REMOVED_USER,"Portuguese, Brazilian",3,4,0,0,0,0,0,"2018-11-18 09:02:37"
"Thoum Ptrgnt (thomas.petrignet)",French,3,3,0,2,0,3,0,"2017-09-23 19:25:52"
"Oleg Kogut (kogut_oleg)",Ukrainian,3,3,0,0,0,0,0,"2018-12-28 14:31:02"
carsten_kafke,German,3,3,0,43,0,0,3,"2017-10-27 13:27:47"
"Vagner Roberto (vagner.trompete)","Portuguese, Brazilian",3,3,0,0,0,0,0,"2017-12-30 17:54:26"
"Igor Piskun (i_piskun)",Ukrainian,3,3,0,0,0,0,0,"2018-01-19 15:20:27"
"Andrea Bianchi (andreawhite1597)",Italian,3,1,0,1,0,0,0,"2018-01-21 17:45:48"
"Cláudio Bernardo (claudiobernardo.ti)","Portuguese, Brazilian",3,4,0,1,0,0,0,"2019-01-08 14:41:10"
"Hiohana Rilary (hiohanarilary)","Portuguese, Brazilian",3,4,0,0,0,0,0,"2019-07-31 20:42:20"
"joabe gabriel (joabegabrielcma1)","Portuguese, Brazilian",3,4,0,0,0,0,0,"2018-08-21 09:08:59"
"Péter Bernát (bernatp)",Hungarian,3,2,0,0,0,0,0,"2019-11-30 15:50:33"
"Martin Zimdahl (zimdahlmartin)",Swedish,3,2,0,0,1,0,3,"2018-09-15 04:39:22"
"Gabriel Cavalcante (gabrielc.alves14)","Portuguese, Brazilian",3,4,0,0,0,0,0,"2018-08-06 22:24:54"
atomjani,Hungarian,3,3,0,0,0,0,0,"2019-01-19 00:49:25"
"أم محمد تقي (souadboudia19)",Arabic,2,2,0,0,0,0,0,"2020-06-13 15:24:17"
"FAy FAy (fayfayfay52)","Chinese Traditional",2,5,0,0,0,0,0,"2017-10-06 08:53:21"
chavs1997,Russian,2,2,0,9,0,0,0,"2018-05-18 16:58:19"
Soroor_SI,Persian,2,2,0,0,0,0,0,"2018-06-10 06:28:27"
"Ilyas Fekhar (il47yas)",Arabic,2,2,0,0,0,0,0,"2018-04-17 22:00:41"
"hesamiranii (esam.matouri)",Persian,2,2,0,0,0,0,0,"2018-09-22 16:33:36"
"fatemeh s (fargolseifoori3)",Persian,2,2,0,0,0,0,0,"2019-01-31 12:06:57"
amei,"Portuguese, Brazilian",2,2,0,0,0,0,0,"2018-04-19 19:42:28"
"Naveen jai krishna (njsbpolymer1)",Tamil,2,5,0,0,0,0,0,"2020-01-10 14:19:41"
"Danial Agh (danialagh)",Persian,2,3,0,0,0,0,0,"2019-03-30 13:24:16"
"Walid Baazia (walidbaazia2005)",Arabic,2,1,0,0,0,0,0,"2021-01-27 12:47:34"
"Ali Zaida (alizaeda92)",Arabic,2,2,0,0,0,0,0,"2019-12-01 11:47:00"
LNDDYL,"Chinese Traditional",2,4,0,0,0,0,2,"2018-04-22 04:00:19"
"Ño Bí Tã (pt614553)",Arabic,2,8,0,1,0,0,0,"2021-05-22 20:41:01"
"Judith Ayala (Azul1612)",Spanish,2,1,0,0,0,1,0,"2021-05-18 17:07:19"
REMOVED_USER,Ukrainian,2,2,0,0,0,0,0,"2017-06-15 12:24:44"
"Valerij D (vala.dobler)",German,2,2,0,0,0,0,0,"2018-09-22 09:38:27"
"Alex Stein (diefaust1993)",Russian,2,2,0,4,4,0,2,"2017-07-13 06:56:17"
"조화정 (yunjoo337)",Korean,2,2,0,0,0,0,0,"2019-06-16 22:25:31"
omerfarukbas,Turkish,2,3,0,19,2,0,0,"2017-08-14 16:10:35"
"Balthazar Aubard (Balatzar)",French,2,5,0,0,1,0,0,"2017-09-23 01:42:57"
"Luca Gori (grolcu)",Italian,1,2,0,0,0,0,0,"2020-09-26 23:26:15"
axd,Spanish,1,1,0,15,0,0,0,"2017-09-12 05:48:51"
iSoron2,"Portuguese, Brazilian",1,1,0,0,0,0,0,"2017-03-18 17:56:29"
REMOVED_USER,Russian,1,2,0,6,1,0,1,"2019-12-26 05:37:01"
"Wibi Cahyo (wbcahyoh)",Indonesian,1,3,0,0,0,0,0,"2017-12-14 06:35:58"
jonesses,German,1,1,0,1,0,0,1,"2021-01-01 08:03:18"
"Anton (tT0NG)","Chinese Traditional",1,2,0,0,0,0,1,"2017-07-06 14:18:39"
"박찌 (perpact20)",Korean,1,1,0,0,0,0,0,"2018-02-10 10:11:44"
"Alan Jeon (skyisle)",Korean,1,2,0,8,0,0,0,"2018-01-09 10:46:00"
"Maria Fefelova (mashafefel)",Russian,1,1,0,0,0,0,0,"2019-05-18 02:03:56"
"Anastasiia Bondarenko (nastasya.bondarenko.97)",Russian,1,1,0,0,0,0,0,"2019-06-07 17:43:08"
"Kan Black (kanblack.va)",Vietnamese,1,2,0,0,0,1,0,"2019-01-15 03:50:10"
"Patrick Pimenta (trickap1)","Portuguese, Brazilian",1,1,0,0,0,0,0,"2018-12-01 14:31:21"
"Dagna Q (dagnaq)",,0,0,0,0,0,0,0,"2017-08-06 01:42:52"
Kamalakannan,,0,0,0,0,0,0,0,"2017-05-14 11:40:23"
"Éjbãss Übbeî (littlebittlebottle)",Norwegian,0,0,0,152,0,0,0,"2017-07-05 21:12:02"
"Равиль Мифтахов (ravilmif47)",Russian,0,0,0,1,0,0,0,"2019-08-12 21:58:30"
sanyoniket,,0,0,0,0,0,0,0,"2019-07-23 12:58:40"
REMOVED_USER,,0,0,0,0,0,0,0,"2020-02-01 03:47:48"
"vi ve (VimalV)",,0,0,0,0,0,0,0,"2021-02-08 02:35:45"
"George Merkulov (george142.emarket)",Russian,0,0,0,11,0,0,0,"2019-06-09 19:47:02"
"Yasin Okumus (lacivert)",Turkish,0,0,0,1,0,0,0,"2018-02-07 04:13:51"
"Petros Bleyan (coolbleyan)",Russian,0,0,0,14,0,0,0,"2017-08-18 18:37:18"
"LeMeD (LeMeS)",French,0,0,0,2,0,0,0,"2021-02-06 15:35:00"
ava_rfie,Persian,0,0,0,1,0,0,0,"2019-06-09 16:19:24"
"Mateusz Teteruk (mttet)",Polish,0,0,0,1,0,0,0,"2021-01-23 13:09:59"
EwanB,,0,0,0,0,0,0,0,"2019-11-19 10:04:38"
Fazy1380,,0,0,0,0,0,0,0,"2021-04-10 11:02:53"
"Lori Amico (lavodkaclyde2323)",Italian,0,0,0,1,0,0,0,"2017-04-09 10:08:13"
"Florian Stuhlmann (stuhlmann)",German,0,0,0,10,0,0,0,"2017-04-15 04:04:00"
"عبد الناصر سعيد الثبيتي (asaeed)",,0,0,0,0,0,0,0,"2018-03-13 02:09:35"
"Rivo Zängov (Eraser)",,0,0,0,0,0,0,0,"2020-10-13 04:38:26"
Hayder21,,0,0,0,0,0,0,0,"2019-12-31 10:56:24"
T-v-Gerwen,Dutch,0,0,0,47,0,0,0,"2018-03-02 10:26:33"
"Eduard Boboc (edi.boboc33)",Romanian,0,0,0,4,0,0,0,"2019-12-16 09:08:39"
"Samuel Przeździęk (samek22)",Polish,0,0,0,1,0,0,0,"2021-08-01 00:49:01"
"Saiprasath B (Saiprasath)",,0,0,0,0,0,0,0,"2021-07-11 11:10:41"
shuvo786,,0,0,0,0,0,0,0,"2019-11-13 00:18:12"
"Edmunds Edmundam (edmundam)",,0,0,0,0,0,0,0,"2020-06-01 14:18:18"
Itch,,0,0,0,0,0,0,0,"2017-10-16 09:18:42"
"Manny Farsangy (manifarsangi)",Persian,0,0,0,12,0,0,0,"2021-08-10 05:32:28"
"Matus Zdansky (matuszdansky)",,0,0,0,0,0,0,0,"2019-10-20 13:52:24"
"Thomas Orlita (Thomas995)",Czech,0,0,0,1,0,0,0,"2017-12-24 04:08:27"
Irsgram,Russian,0,0,0,1,0,0,0,"2019-09-30 16:42:20"
EmanAmini,,0,0,0,0,0,0,0,"2017-03-31 13:27:43"
mushin,,0,0,0,0,0,0,0,"2020-02-02 04:08:05"
"Elmo (oberknecht)",,0,0,0,0,0,0,0,"2020-04-16 08:45:50"
AnggaRifandi,,0,0,0,0,0,0,0,"2017-03-31 19:28:35"
"darkkingredian (rediancool)",,0,0,0,0,0,0,0,"2021-07-27 16:04:32"
"Sri Harsha Bhogi (sriharshabhogi)",,0,0,0,0,0,0,0,"2018-09-02 05:31:53"
"Nat Fomicheva (natac)",Russian,0,0,0,3,0,0,0,"2019-01-25 14:35:02"
mdrobulis,,0,0,0,0,0,0,0,"2018-05-24 01:40:42"
"Sarah BCNN (fsarahboucenna)",French,0,0,0,16,0,0,0,"2018-02-11 11:07:36"
"Arjun K. (arjunkdot)",,0,0,0,0,0,0,0,"2020-09-20 11:16:18"
REMOVED_USER,Czech,0,0,0,18,0,0,0,"2018-03-27 06:19:52"
martyaberger,,0,0,0,0,0,0,0,"2019-01-01 18:48:08"
BongTran,Vietnamese,0,0,0,2,0,0,0,"2018-04-24 05:16:07"
"Arttu Ylhävuori (arttu.ylhavuori)",,0,0,0,0,0,0,0,"2019-07-24 15:03:42"
"Никита Карамов (nikita.karamoff)",Russian,0,0,0,10,0,0,0,"2018-10-29 03:57:21"
rooban23,,0,0,0,0,0,0,0,"2020-09-15 11:49:14"
"Eliška Roubalová (roubaeli)",Czech,0,0,0,6,0,0,0,"2019-12-31 12:47:29"
valney.faria,"Portuguese, Brazilian",0,0,0,1,0,0,0,"2020-02-02 14:45:02"
"Алтынбек Наурызғали (altinbeknaurizgali)",Russian,0,0,0,1,0,0,0,"2020-08-12 13:03:49"
REMOVED_USER,,0,0,0,0,0,0,0,"2018-10-27 15:34:36"
REMOVED_USER,,0,0,0,0,0,0,0,"2018-08-24 00:17:43"
Elham1361,,0,0,0,0,0,0,0,"2018-10-27 12:01:06"
dongchen.yue,German,0,0,0,4,0,0,0,"2020-09-12 15:05:59"
"Ahnaf Tajwar (atn4404)",,0,0,0,0,0,0,0,"2018-10-16 11:13:30"
AsadullahIlyas,,0,0,0,0,0,0,0,"2019-01-04 06:14:15"
droidahmed,Arabic,0,0,0,7,0,0,0,"2018-01-31 02:18:49"
philfr49,French,0,0,0,2,0,0,0,"2018-09-03 14:20:32"
"Ahmed Nazir (ahmednazir333)",,0,0,0,0,0,0,0,"2018-05-06 12:10:27"
"Balaji Jayaraman (jkbalaji1103)",,0,0,0,0,0,0,0,"2017-10-30 22:12:27"
"Wellington Ribeiro (wellington.rib)",,0,0,0,0,0,0,0,"2017-11-16 07:32:25"
"Javid IRAN (twitteriran98)",Persian,0,0,0,1,0,0,0,"2017-11-25 16:47:25"
"박인호 (wphestiraid)",Korean,0,0,0,2,0,0,0,"2018-01-05 00:33:14"
"Pumpith Ungsupanit (pumpithu)",,0,0,0,0,0,0,0,"2019-01-19 23:47:57"
Sandhu564.,,0,0,0,0,0,0,0,"2020-12-14 01:27:45"
"Quentin Hibon (hiq)",,0,0,0,0,0,0,0,"2021-02-07 16:39:31"
AhmedDz,Arabic,0,0,0,1,0,0,0,"2017-12-31 10:12:31"
"Shuvashish Sahoo (shuvashish76)",,0,0,0,0,0,0,0,"2020-09-17 09:10:09"
REMOVED_USER,,0,0,0,0,0,0,0,"2018-01-05 16:56:12"
NairaDNV,Spanish,0,0,0,9,0,0,0,"2018-01-05 19:10:33"
Raulbertassi,,0,0,0,0,0,0,0,"2018-01-07 17:23:18"
"Карлен Шаухаев (KarlenShaukhaev)",,0,0,0,0,0,0,0,"2020-04-27 08:53:49"
dimateos,,0,0,0,0,0,0,0,"2021-01-10 06:29:52"
"Katherine Alexandra Flórez Ramírez (katherine.florez12)",Spanish,0,0,0,46,0,0,0,"2018-01-20 02:18:32"
"reza golestanzadeh (reza.golestanzadeh)",Persian,0,0,0,1,0,0,0,"2020-10-21 12:07:20"
farbod66,Persian,0,0,0,1,0,0,0,"2018-01-20 11:04:23"
"Muhammet Furkan ALMACI (furkan.almaci)",Turkish,0,0,0,1,0,0,0,"2017-10-29 13:44:56"
